userEmail,userPassword,userId
jmeter+codex-prod-smoke2-001@electrahub.test,LoadTest@12345,8041fbfc-fcc1-4a9d-a25f-488c93f1480f
jmeter+codex-prod-smoke3-001@electrahub.test,LoadTest@12345,32059a44-c93b-48f5-a2d1-bdba8d2d0c88
jmeter+codex-prod-smoke4-001@electrahub.test,LoadTest@12345,2935912e-dc79-430c-872e-9bdab4527a72
jmeter+codex-prod-smoke5-001@electrahub.test,LoadTest@12345,07ddc736-2959-40c2-9bdf-188a0d9f44ae
jmeter+codex-prod-24-001@electrahub.test,LoadTest@12345,0a1fdd88-bf46-4ab0-aea7-4a9e174cd46b
jmeter+codex-prod-24-002@electrahub.test,LoadTest@12345,5e7f60d5-f7b3-44ff-99eb-c267d7380edd
jmeter+codex-prod-24-003@electrahub.test,LoadTest@12345,962036de-7d67-4621-8f79-dea3a755781e
jmeter+codex-prod-24-004@electrahub.test,LoadTest@12345,4cc3b2f4-9186-447b-9cc3-ea4f8182b5b4
jmeter+codex-prod-24-005@electrahub.test,LoadTest@12345,3001eb60-444f-4373-a491-8e82f9929ef3
jmeter+codex-prod-24b-001@electrahub.test,LoadTest@12345,5f57b657-7018-4275-851d-07846893240c
jmeter+codex-prod-24b-002@electrahub.test,LoadTest@12345,8385b008-115d-459e-addd-efb3f8cb46af
jmeter+codex-prod-24b-003@electrahub.test,LoadTest@12345,ee1c4fdc-3d25-486c-9d87-47ebf1fc57f4
jmeter+codex-prod-24b-004@electrahub.test,LoadTest@12345,03d4d5a3-51c4-41bf-a5d8-0e1fd2e17584
jmeter+codex-prod-24b-005@electrahub.test,LoadTest@12345,0df6c4d5-9184-4df7-8582-f4808df31405
jmeter+codex-prod-25-001@electrahub.test,LoadTest@12345,436a05e2-70dc-4c24-b635-078728b9d2d8
jmeter+codex-prod-25-002@electrahub.test,LoadTest@12345,82c568e6-c247-407b-91f6-8123e28cd1bd
jmeter+codex-prod-25-003@electrahub.test,LoadTest@12345,1292b5fe-6607-4d8e-a7bf-c8131c7f8bd4
jmeter+codex-prod-25-004@electrahub.test,LoadTest@12345,dadcd743-df6c-4d05-ad07-e07834a78bc5
jmeter+codex-prod-25-005@electrahub.test,LoadTest@12345,f208fd78-ffcf-4fa0-a232-c7c1c0f8a60c
jmeter+codex-prod-26-001@electrahub.test,LoadTest@12345,f8803b9d-574a-4f01-98b8-0a64aa609d9c
jmeter+codex-prod-26-002@electrahub.test,LoadTest@12345,82c7ebcd-ffa2-47e1-945e-68f6ce60c0f3
jmeter+codex-prod-26-003@electrahub.test,LoadTest@12345,adaaeb1c-a6d6-4b25-84a7-6e4bd80697f6
jmeter+codex-prod-26-004@electrahub.test,LoadTest@12345,d5d2721f-fd94-40fb-811d-15c277db15cc
jmeter+codex-prod-26-005@electrahub.test,LoadTest@12345,1b57bacd-8e6d-41ed-a2e9-d3f824694b6c
jmeter+local-100-steady-20260707-001@electrahub.test,LoadTest@12345,7b476f12-7555-4108-81d0-6cfba114f684
jmeter+local-100-steady-20260707-002@electrahub.test,LoadTest@12345,962eb7d8-f7a7-4fd8-aea1-e244f15186c9
jmeter+local-100-steady-20260707-003@electrahub.test,LoadTest@12345,5bd673f9-69dd-4a16-bec6-591ddda6bc24
jmeter+local-100-steady-20260707-004@electrahub.test,LoadTest@12345,f79dd58e-4c8e-4496-a4e6-812d53523350
jmeter+local-100-steady-20260707-005@electrahub.test,LoadTest@12345,c56f1cc3-89c9-4111-aa58-15ec12591d43
jmeter+local-100-steady-20260707-006@electrahub.test,LoadTest@12345,04c60cb9-ac62-4eb5-8395-8c781c3dc4c9
jmeter+local-100-steady-20260707-007@electrahub.test,LoadTest@12345,a990d6dc-adbd-4bc1-8448-42c56255460b
jmeter+local-100-steady-20260707-008@electrahub.test,LoadTest@12345,b04d4c2f-2967-40b9-bfb6-c34ca4df55a2
jmeter+local-100-steady-20260707-009@electrahub.test,LoadTest@12345,90343a3e-ff8c-4541-953b-f88ec3342972
jmeter+local-100-steady-20260707-010@electrahub.test,LoadTest@12345,1b365648-c924-4987-9d2a-41c21c297547
jmeter+local-100-steady-20260707-011@electrahub.test,LoadTest@12345,24c8352c-6d6c-43d5-97a8-25bd4063b478
jmeter+local-100-steady-20260707-012@electrahub.test,LoadTest@12345,ffc6bd57-73e4-4316-8006-771392ea9bba
jmeter+local-100-steady-20260707-013@electrahub.test,LoadTest@12345,5c4fe5c9-b3ce-4d4e-93cc-6edcdec8f146
jmeter+local-100-steady-20260707-014@electrahub.test,LoadTest@12345,95ed095d-0e98-422d-9390-f7513a82757b
jmeter+local-100-steady-20260707-015@electrahub.test,LoadTest@12345,e08cdc6e-b43a-42f7-8da9-25ddc7c98273
jmeter+local-100-steady-20260707-016@electrahub.test,LoadTest@12345,7af2380f-52e9-4182-9ef4-754594d417ad
jmeter+local-100-steady-20260707-017@electrahub.test,LoadTest@12345,0a6dd439-d0a6-4be8-9c89-19d8a1eb8a33
jmeter+local-100-steady-20260707-018@electrahub.test,LoadTest@12345,857b4859-c842-4594-8583-d41a699f7499
jmeter+local-100-steady-20260707-019@electrahub.test,LoadTest@12345,d2ec2eb2-65e9-4080-9770-e477aa469899
jmeter+local-100-steady-20260707-020@electrahub.test,LoadTest@12345,b60dbc96-a6f1-4671-85f7-1491e03557fa
jmeter+local-100-steady-20260707-021@electrahub.test,LoadTest@12345,d5c0423b-270e-4fde-bf4e-5fd5e18c40b1
jmeter+local-100-steady-20260707-022@electrahub.test,LoadTest@12345,fd39cb8a-8de7-4142-8ee3-461cd3b083d2
jmeter+local-100-steady-20260707-023@electrahub.test,LoadTest@12345,a154df92-5350-40dc-bfd6-8152dbf87fba
jmeter+local-100-steady-20260707-024@electrahub.test,LoadTest@12345,71e5be89-f756-4052-8e0c-3ee76cda9b3a
jmeter+local-100-steady-20260707-025@electrahub.test,LoadTest@12345,bef0cf34-a1af-4720-989f-1088fe3ed8a4
jmeter+local-100-steady-20260707-026@electrahub.test,LoadTest@12345,ba736c80-780f-4035-b2f8-d7b29b85f0ff
jmeter+local-100-steady-20260707-027@electrahub.test,LoadTest@12345,d41bbff0-c3b0-405d-935d-0a47444786f0
jmeter+local-100-steady-20260707-028@electrahub.test,LoadTest@12345,5bd7ead9-4451-4f68-be78-13570e4bcd73
jmeter+local-100-steady-20260707-029@electrahub.test,LoadTest@12345,c28d5c0b-ac6e-4763-91c8-3793140920be
jmeter+local-100-steady-20260707-030@electrahub.test,LoadTest@12345,d82900cc-5b55-4a06-b3a0-bb6704334d60
jmeter+local-100-steady-20260707-031@electrahub.test,LoadTest@12345,eb713b7f-4c45-4523-a52f-a1befb83b0ac
jmeter+local-100-steady-20260707-032@electrahub.test,LoadTest@12345,5ca7768d-052d-47d8-924f-3a11a50ed2e5
jmeter+local-100-steady-20260707-033@electrahub.test,LoadTest@12345,3fbc2f2a-981e-48b0-b388-3711dbdb76d9
jmeter+local-100-steady-20260707-034@electrahub.test,LoadTest@12345,0e5c65fb-3a2b-4594-b5f0-5a1b116bb0bc
jmeter+local-100-steady-20260707-035@electrahub.test,LoadTest@12345,1186bff7-aa3c-4e64-85a3-13ec4431dcf1
jmeter+local-100-steady-20260707-036@electrahub.test,LoadTest@12345,48edbb2d-4277-4570-be62-74c36235613b
jmeter+local-100-steady-20260707-037@electrahub.test,LoadTest@12345,053fc160-a878-4b88-b339-ebdfd4272211
jmeter+local-100-steady-20260707-038@electrahub.test,LoadTest@12345,6a04fbb0-2940-4140-b41b-9866d5f866dc
jmeter+local-100-steady-20260707-039@electrahub.test,LoadTest@12345,fd2c0a66-4d14-40fb-bb85-2319cae24218
jmeter+local-100-steady-20260707-040@electrahub.test,LoadTest@12345,994b9a3c-7a2c-4eef-9fff-6a21ca6e5c0d
jmeter+local-100-steady-20260707-041@electrahub.test,LoadTest@12345,fa4264fe-5703-4b8f-82cf-9fde8f0073ed
jmeter+local-100-steady-20260707-042@electrahub.test,LoadTest@12345,e1d0b2a8-33e5-49c7-a462-1a7f657da69b
jmeter+local-100-steady-20260707-043@electrahub.test,LoadTest@12345,05db00ce-4d68-48c6-be9a-485020f6e85f
jmeter+local-100-steady-20260707-044@electrahub.test,LoadTest@12345,5a09917a-d74e-466a-bae4-153474e7ebc4
jmeter+local-100-steady-20260707-045@electrahub.test,LoadTest@12345,9fdc873b-a1a9-414e-a8dc-98600948d5f6
jmeter+local-100-steady-20260707-046@electrahub.test,LoadTest@12345,b03e40c3-a3c7-4b39-8927-ae5e7fdad63a
jmeter+local-100-steady-20260707-047@electrahub.test,LoadTest@12345,1b0aca35-d341-4a4a-b690-7cb3c14794f8
jmeter+local-100-steady-20260707-048@electrahub.test,LoadTest@12345,55fa6bd9-2dc4-4ae4-807c-a5b12af6642e
jmeter+local-100-steady-20260707-049@electrahub.test,LoadTest@12345,80b26025-29e4-4c9b-8bf2-cc99f8cf8a89
jmeter+local-100-steady-20260707-050@electrahub.test,LoadTest@12345,2e1e76d3-9726-4981-b2fc-b1db682fa973
jmeter+local-100-steady-20260707-051@electrahub.test,LoadTest@12345,8788e4e8-2ad5-47de-850c-281e47809ab3
jmeter+local-100-steady-20260707-052@electrahub.test,LoadTest@12345,8e0879a8-7272-49af-8835-13985b0bea0b
jmeter+local-100-steady-20260707-053@electrahub.test,LoadTest@12345,b0a23f8a-c4b7-41d3-ab04-53ecf29aa898
jmeter+local-100-steady-20260707-054@electrahub.test,LoadTest@12345,3532489f-5448-4234-aa46-6e0380ea8012
jmeter+local-100-steady-20260707-055@electrahub.test,LoadTest@12345,d402c1e5-bbed-4ea0-9615-a770f6739a2b
jmeter+local-100-steady-20260707-056@electrahub.test,LoadTest@12345,ff09dce0-fc4a-46ca-9321-d810109b392e
jmeter+local-100-steady-20260707-057@electrahub.test,LoadTest@12345,a9020ec0-be7b-453f-9b2f-fdfc4c4c5c8f
jmeter+local-100-steady-20260707-058@electrahub.test,LoadTest@12345,89aa8f4c-81b2-417b-8ef8-8cf3fb32a435
jmeter+local-100-steady-20260707-059@electrahub.test,LoadTest@12345,33b92722-80c4-4ff0-99bc-e44102e287c5
jmeter+local-100-steady-20260707-060@electrahub.test,LoadTest@12345,b1f52f81-fb08-4f37-93fe-32dd16772311
jmeter+local-100-steady-20260707-061@electrahub.test,LoadTest@12345,45a95b1d-d56e-4975-8ab3-4cef8a108d0e
jmeter+local-100-steady-20260707-062@electrahub.test,LoadTest@12345,8218a669-70b1-416c-ab78-712128c187fb
jmeter+local-100-steady-20260707-063@electrahub.test,LoadTest@12345,b616bb47-a57f-49ee-8d32-57d57007fb6c
jmeter+local-100-steady-20260707-064@electrahub.test,LoadTest@12345,aa022f76-d9f0-4a6a-b660-1b4c0ebb3d4d
jmeter+local-100-steady-20260707-065@electrahub.test,LoadTest@12345,da9ecda1-b3d3-4870-9767-5f9a6f4ee573
jmeter+local-100-steady-20260707-066@electrahub.test,LoadTest@12345,89257599-d92f-4f42-8b4a-ebc5f1c38b2d
jmeter+local-100-steady-20260707-067@electrahub.test,LoadTest@12345,28262f18-aaf8-4289-9718-419b5864e9ef
jmeter+local-100-steady-20260707-068@electrahub.test,LoadTest@12345,dc0612f2-f8df-47a9-b504-0f517f138e13
jmeter+local-100-steady-20260707-069@electrahub.test,LoadTest@12345,037cc2c8-22c0-4d88-9196-56f68e3f525f
jmeter+local-100-steady-20260707-070@electrahub.test,LoadTest@12345,b526981d-0f08-4b66-8d9d-a45a763451e1
jmeter+local-100-steady-20260707-071@electrahub.test,LoadTest@12345,0b20f2b4-29bf-4339-bd39-1140cc4505bb
jmeter+local-100-steady-20260707-072@electrahub.test,LoadTest@12345,12cba5db-3667-401a-bbe8-ebaac271c342
jmeter+local-100-steady-20260707-073@electrahub.test,LoadTest@12345,cf27a744-a464-4a1a-a6e3-2ad3fe694103
jmeter+local-100-steady-20260707-074@electrahub.test,LoadTest@12345,f7b0a2f4-7350-49a7-8bbf-7410a2118196
jmeter+local-100-steady-20260707-075@electrahub.test,LoadTest@12345,55d1f309-5493-412f-8468-b68338a27fd7
jmeter+local-100-steady-20260707-076@electrahub.test,LoadTest@12345,3805e8c4-d939-45f9-bca5-d1965f77fa72
jmeter+local-100-steady-20260707-077@electrahub.test,LoadTest@12345,54c831f2-b9c9-46ab-ac79-d59ea0a5de3d
jmeter+local-100-steady-20260707-078@electrahub.test,LoadTest@12345,51b091e0-12dd-4ba2-b290-8e3fc8de7a31
jmeter+local-100-steady-20260707-079@electrahub.test,LoadTest@12345,5a7aee22-ce1d-4a12-9dc8-dccf3fdb930d
jmeter+local-100-steady-20260707-080@electrahub.test,LoadTest@12345,369017c6-a719-437a-8080-5c2e8c9cf2f5
jmeter+local-100-steady-20260707-081@electrahub.test,LoadTest@12345,1bb00959-b1da-4b75-ab5d-59aba03aed9f
jmeter+local-100-steady-20260707-082@electrahub.test,LoadTest@12345,7f2a0fd3-0ff7-406f-992c-1c0f99406f77
jmeter+local-100-steady-20260707-083@electrahub.test,LoadTest@12345,621e937f-3208-4335-956c-80f6027bf932
jmeter+local-100-steady-20260707-084@electrahub.test,LoadTest@12345,7bce75dd-f7c3-4384-b6ae-0bf798f9a3d3
jmeter+local-100-steady-20260707-085@electrahub.test,LoadTest@12345,a23ead96-7df0-4726-8abc-9e65223be750
jmeter+local-100-steady-20260707-086@electrahub.test,LoadTest@12345,19e1ab48-b243-4bda-b2e3-cde1bc556c5b
jmeter+local-100-steady-20260707-087@electrahub.test,LoadTest@12345,aad804ae-78b5-458f-b1db-497e2ca0e200
jmeter+local-100-steady-20260707-088@electrahub.test,LoadTest@12345,bb164059-5976-4afb-a1eb-e0690e93705e
jmeter+local-100-steady-20260707-089@electrahub.test,LoadTest@12345,8b5017f2-aaab-4e9e-b5f3-122edddda671
jmeter+local-100-steady-20260707-090@electrahub.test,LoadTest@12345,a666f618-62df-43cb-b6c3-efeb712d0541
jmeter+local-100-steady-20260707-091@electrahub.test,LoadTest@12345,4a339e81-9cfc-4f2f-b5c8-ea3456a36736
jmeter+local-100-steady-20260707-092@electrahub.test,LoadTest@12345,9e51aa0f-2cfa-484d-a3ca-6c131374da0d
jmeter+local-100-steady-20260707-093@electrahub.test,LoadTest@12345,c36f13ff-cd15-495f-a6ad-12c1c5fbe95b
jmeter+local-100-steady-20260707-094@electrahub.test,LoadTest@12345,75af4e3f-bfff-417e-8f95-0f1e28a0d8a4
jmeter+local-100-steady-20260707-095@electrahub.test,LoadTest@12345,2c06252a-bde5-46b4-a881-1cf5ff697a6c
jmeter+local-100-steady-20260707-096@electrahub.test,LoadTest@12345,ec25fcac-1cb2-4fda-b402-65cc864c085f
jmeter+local-100-steady-20260707-097@electrahub.test,LoadTest@12345,8dc69f65-0a87-4157-b726-619284c6b5e1
jmeter+local-100-steady-20260707-098@electrahub.test,LoadTest@12345,c6a397f4-a150-434f-9a0f-dc1abd382a00
jmeter+local-100-steady-20260707-099@electrahub.test,LoadTest@12345,82b668e4-4169-464b-a0b8-379a21c204ca
jmeter+local-100-steady-20260707-100@electrahub.test,LoadTest@12345,18741c67-71e3-423d-9f2f-84f3bbedf1fa
jmeter+local-200-steady-20260707-001@electrahub.test,LoadTest@12345,c23cb202-3ae1-4fbe-91cf-09574a9802d6
jmeter+local-200-steady-20260707-002@electrahub.test,LoadTest@12345,77df2edc-f20a-499a-a420-3e289967a631
jmeter+local-200-steady-20260707-003@electrahub.test,LoadTest@12345,ebfb4f16-aa2c-4b34-8667-a294f9644278
jmeter+local-200-steady-20260707-004@electrahub.test,LoadTest@12345,b2a7fa85-9b83-421d-943e-79ecd20ac01c
jmeter+local-200-steady-20260707-005@electrahub.test,LoadTest@12345,b419dad3-2c6b-4ae9-89bf-2e57be197a17
jmeter+local-200-steady-20260707-006@electrahub.test,LoadTest@12345,e251635f-8c1f-4834-94fa-2d68ae0c951e
jmeter+local-200-steady-20260707-007@electrahub.test,LoadTest@12345,884f9171-0a1f-4ad2-a9f5-02b4955b5fb0
jmeter+local-200-steady-20260707-008@electrahub.test,LoadTest@12345,d78060e1-7bec-48c9-b266-8429450d648d
jmeter+local-200-steady-20260707-009@electrahub.test,LoadTest@12345,00f0d1fc-b7de-4a0d-9dd0-c9cae121bc6b
jmeter+local-200-steady-20260707-010@electrahub.test,LoadTest@12345,ee8aea74-7370-4993-8c93-019d9cdc2481
jmeter+local-200-steady-20260707-011@electrahub.test,LoadTest@12345,2908a91c-c097-423f-a99f-58fdb53312aa
jmeter+local-200-steady-20260707-012@electrahub.test,LoadTest@12345,0386b091-695d-4bcf-9b1c-b4219e6ebf74
jmeter+local-200-steady-20260707-013@electrahub.test,LoadTest@12345,e9bd0f7f-4fb8-453d-ab77-71ea37080997
jmeter+local-200-steady-20260707-014@electrahub.test,LoadTest@12345,a2050c5f-cfc8-4d3e-8140-9edb88a46298
jmeter+local-200-steady-20260707-015@electrahub.test,LoadTest@12345,48d98107-a17b-42f0-9c8d-64713bacd669
jmeter+local-200-steady-20260707-016@electrahub.test,LoadTest@12345,c4b3b564-b611-4da5-a321-c2e006cb672d
jmeter+local-200-steady-20260707-017@electrahub.test,LoadTest@12345,b4782994-e3b9-4a62-bdb9-c85d77908933
jmeter+local-200-steady-20260707-018@electrahub.test,LoadTest@12345,dd14173c-82ef-40e1-a448-33d8e1496882
jmeter+local-200-steady-20260707-019@electrahub.test,LoadTest@12345,9b638fd8-c4d3-493d-ae83-38dd1fbc023e
jmeter+local-200-steady-20260707-020@electrahub.test,LoadTest@12345,78952c05-6c92-4b74-85ea-23311fe1c143
jmeter+local-200-steady-20260707-021@electrahub.test,LoadTest@12345,368438cb-b2ac-4221-b0d5-7dee827f7c61
jmeter+local-200-steady-20260707-022@electrahub.test,LoadTest@12345,d6c08723-4de2-498d-82ad-ac58a4133ed3
jmeter+local-200-steady-20260707-023@electrahub.test,LoadTest@12345,efc35bb5-4eb1-446d-85d9-b81c5d41a5d8
jmeter+local-200-steady-20260707-024@electrahub.test,LoadTest@12345,61596a9a-9bb1-4ff2-915a-f6f86c8f14e7
jmeter+local-200-steady-20260707-025@electrahub.test,LoadTest@12345,56706b6c-0285-4ffc-ac89-92bd4cd8d5dd
jmeter+local-200-steady-20260707-026@electrahub.test,LoadTest@12345,3077543b-9de5-4655-a6ed-bf2463d6ac97
jmeter+local-200-steady-20260707-027@electrahub.test,LoadTest@12345,8ea1768a-1372-46e1-91cd-de975c1f3b5d
jmeter+local-200-steady-20260707-028@electrahub.test,LoadTest@12345,935a479e-d5d7-4fd3-a105-31a43f49f8a4
jmeter+local-200-steady-20260707-029@electrahub.test,LoadTest@12345,b1180117-4eb0-443c-9194-e23c5ce54485
jmeter+local-200-steady-20260707-030@electrahub.test,LoadTest@12345,65fe6ea0-a4ea-4b72-9fe7-ce2dc67a1e81
jmeter+local-200-steady-20260707-031@electrahub.test,LoadTest@12345,0a52b350-c89e-437e-9264-5612d4a8b4c6
jmeter+local-200-steady-20260707-032@electrahub.test,LoadTest@12345,80b2f874-ef13-4409-abf5-04087263fa80
jmeter+local-200-steady-20260707-033@electrahub.test,LoadTest@12345,56ba8b23-4fad-4833-81ae-e659a70f701d
jmeter+local-200-steady-20260707-034@electrahub.test,LoadTest@12345,83133244-c940-4345-9a38-08461d8475a0
jmeter+local-200-steady-20260707-035@electrahub.test,LoadTest@12345,8cb9e590-c2db-4613-9e82-bcb01ed5dafa
jmeter+local-200-steady-20260707-036@electrahub.test,LoadTest@12345,f0723b5e-6476-4760-83ec-fd96aea7c888
jmeter+local-200-steady-20260707-037@electrahub.test,LoadTest@12345,ff554873-57f2-4f4d-b28c-c18e20f8478d
jmeter+local-200-steady-20260707-038@electrahub.test,LoadTest@12345,ba796b87-95fe-48d3-929b-da8f9664c9f8
jmeter+local-200-steady-20260707-039@electrahub.test,LoadTest@12345,54c3ced8-eeb5-4b5b-88d0-cce4ac8943f7
jmeter+local-200-steady-20260707-040@electrahub.test,LoadTest@12345,ae74bf29-226f-460a-b7e8-956a6b0dbcb3
jmeter+local-200-steady-20260707-041@electrahub.test,LoadTest@12345,c7d01ff9-6cbc-4a06-a454-fc6959f0735d
jmeter+local-200-steady-20260707-042@electrahub.test,LoadTest@12345,c0a9874a-3769-4df9-83c5-06194e7acf0b
jmeter+local-200-steady-20260707-043@electrahub.test,LoadTest@12345,f0a83108-6378-45bf-b0b8-1b081a0eb8cd
jmeter+local-200-steady-20260707-044@electrahub.test,LoadTest@12345,7ddf6760-be8d-489a-860b-b340e6bf0e96
jmeter+local-200-steady-20260707-045@electrahub.test,LoadTest@12345,a5889e3a-c9ca-41a6-a3ba-4ccade8fb150
jmeter+local-200-steady-20260707-046@electrahub.test,LoadTest@12345,3f4bc872-c601-4f73-af2f-4a19b224d60d
jmeter+local-200-steady-20260707-047@electrahub.test,LoadTest@12345,3ef370eb-e4e0-49f6-9ea0-c3735ac9e790
jmeter+local-200-steady-20260707-048@electrahub.test,LoadTest@12345,a7454f60-cda9-4fe3-8d42-b34ce4e629f7
jmeter+local-200-steady-20260707-049@electrahub.test,LoadTest@12345,0c4e3b9a-d78a-4e61-a5f0-802e6992d87f
jmeter+local-200-steady-20260707-050@electrahub.test,LoadTest@12345,36f7a824-88ce-4a8b-afcb-b2bbd186c432
jmeter+local-200-steady-20260707-051@electrahub.test,LoadTest@12345,48189af4-f96d-4bf1-adf2-ece613060c64
jmeter+local-200-steady-20260707-052@electrahub.test,LoadTest@12345,cf126e59-372c-4702-85f9-4e1430ac1cbb
jmeter+local-200-steady-20260707-053@electrahub.test,LoadTest@12345,8c1738cb-a400-4121-969b-65f9b563dd2d
jmeter+local-200-steady-20260707-054@electrahub.test,LoadTest@12345,2a482f18-034e-4fc6-880a-c67be8928786
jmeter+local-200-steady-20260707-055@electrahub.test,LoadTest@12345,db1ff7db-7936-4b2c-8e33-ef2cc22ca1a5
jmeter+local-200-steady-20260707-056@electrahub.test,LoadTest@12345,5b8ae7d0-ced8-4236-a140-9cb44f78a9e7
jmeter+local-200-steady-20260707-057@electrahub.test,LoadTest@12345,b2edb095-eace-474b-aa19-735186ca2506
jmeter+local-200-steady-20260707-058@electrahub.test,LoadTest@12345,7c4fc910-72b9-499d-884d-c4645edb055f
jmeter+local-200-steady-20260707-059@electrahub.test,LoadTest@12345,169870c1-2272-4943-a9e0-e92a2f1afceb
jmeter+local-200-steady-20260707-060@electrahub.test,LoadTest@12345,fefc643c-ec25-4ea0-b591-308fb8ba2532
jmeter+local-200-steady-20260707-061@electrahub.test,LoadTest@12345,8d1a1e80-be0a-4c2c-8c55-416af6012cba
jmeter+local-200-steady-20260707-062@electrahub.test,LoadTest@12345,522baf69-97a6-433e-a115-b6e97c0d3562
jmeter+local-200-steady-20260707-063@electrahub.test,LoadTest@12345,9307f92a-938b-4e68-a27d-1f4f4108d976
jmeter+local-200-steady-20260707-064@electrahub.test,LoadTest@12345,b0d1dd0b-eee4-4046-9338-d3ca9a573cd1
jmeter+local-200-steady-20260707-065@electrahub.test,LoadTest@12345,0e1197aa-e9df-4b65-8ad4-79a346b05306
jmeter+local-200-steady-20260707-066@electrahub.test,LoadTest@12345,3cd7ff34-e94b-4080-8b7b-18949c7b6f1c
jmeter+local-200-steady-20260707-067@electrahub.test,LoadTest@12345,c3441129-8c28-4538-983e-1500c87f2270
jmeter+local-200-steady-20260707-068@electrahub.test,LoadTest@12345,3b24f47e-7a3d-4bed-8053-83cd2517794f
jmeter+local-200-steady-20260707-069@electrahub.test,LoadTest@12345,c0f1890b-66ad-4100-8251-80459a5b51e1
jmeter+local-200-steady-20260707-070@electrahub.test,LoadTest@12345,9d747050-efa9-4c36-9093-da04fbd4297a
jmeter+local-200-steady-20260707-071@electrahub.test,LoadTest@12345,778658e0-392c-4941-ba08-31e0e2cc1bf7
jmeter+local-200-steady-20260707-072@electrahub.test,LoadTest@12345,462e818b-5031-4b4f-bcd7-2d4c96e8334c
jmeter+local-200-steady-20260707-073@electrahub.test,LoadTest@12345,d2ae0806-e9e8-4e33-96c2-f905dee19d6b
jmeter+local-200-steady-20260707-074@electrahub.test,LoadTest@12345,eb7b1393-4c22-4e93-9439-9debbed875f6
jmeter+local-200-steady-20260707-075@electrahub.test,LoadTest@12345,bb16ba92-b93d-47db-9f04-202d8413c5a6
jmeter+local-200-steady-20260707-076@electrahub.test,LoadTest@12345,aa610e09-58a9-4e9e-94ad-e4f98b87faaf
jmeter+local-200-steady-20260707-077@electrahub.test,LoadTest@12345,5d71762a-fc35-46de-af84-406ef8e99c9a
jmeter+local-200-steady-20260707-078@electrahub.test,LoadTest@12345,89a90bfc-2520-4a8f-bfb9-7d64fcd17ea7
jmeter+local-200-steady-20260707-079@electrahub.test,LoadTest@12345,4f3285dc-03d3-4cbc-8d8a-36f5dcf1ba5e
jmeter+local-200-steady-20260707-080@electrahub.test,LoadTest@12345,43d90742-4b51-4aa3-9831-e43d722758ab
jmeter+local-200-steady-20260707-081@electrahub.test,LoadTest@12345,4e2ebeeb-318b-4ec1-a0ca-617353937db2
jmeter+local-200-steady-20260707-082@electrahub.test,LoadTest@12345,88d17829-d821-4c27-a045-53ddbc1abd6c
jmeter+local-200-steady-20260707-083@electrahub.test,LoadTest@12345,efa2af2e-f173-4f43-8cbf-e55c5de3e86a
jmeter+local-200-steady-20260707-084@electrahub.test,LoadTest@12345,fb0e0d7d-4dc6-4ed9-89a3-cd36a1bd46d8
jmeter+local-200-steady-20260707-085@electrahub.test,LoadTest@12345,c20b4fc0-af15-4b49-88d9-4be227ed3297
jmeter+local-200-steady-20260707-086@electrahub.test,LoadTest@12345,6e63a493-d7ef-4446-a66e-f09ca4fa4b15
jmeter+local-200-steady-20260707-087@electrahub.test,LoadTest@12345,949c1f4f-eb7c-4b22-b4d1-4cd6a3ec0620
jmeter+local-200-steady-20260707-088@electrahub.test,LoadTest@12345,63844059-6867-4671-91f0-ea42e1bf7b21
jmeter+local-200-steady-20260707-089@electrahub.test,LoadTest@12345,413b3434-ae73-4db6-81fa-ecfaa280a916
jmeter+local-200-steady-20260707-090@electrahub.test,LoadTest@12345,ce76afc1-9c74-4005-88d4-ba5bd44619c9
jmeter+local-200-steady-20260707-091@electrahub.test,LoadTest@12345,84f08fb8-0ab4-4d75-9b86-1b7641c1629f
jmeter+local-200-steady-20260707-092@electrahub.test,LoadTest@12345,df7ba32a-d376-46da-a586-597b59d5466c
jmeter+local-200-steady-20260707-093@electrahub.test,LoadTest@12345,f59d39ba-d104-4632-a86c-55047340874b
jmeter+local-200-steady-20260707-094@electrahub.test,LoadTest@12345,38a61c9c-6c46-4e95-9cc8-6743010a5bc4
jmeter+local-200-steady-20260707-095@electrahub.test,LoadTest@12345,c91e76cf-5944-41fd-98e1-d6fb8a5df6b3
jmeter+local-200-steady-20260707-096@electrahub.test,LoadTest@12345,078c9faf-cf3f-4db9-b7b6-61b35c439a66
jmeter+local-200-steady-20260707-097@electrahub.test,LoadTest@12345,ea4b7432-b4c6-429f-a439-5bf4bc8f5536
jmeter+local-200-steady-20260707-098@electrahub.test,LoadTest@12345,ddc6ca27-c4a3-426d-a279-b1203fbd9bcd
jmeter+local-200-steady-20260707-099@electrahub.test,LoadTest@12345,093742ff-8af1-4e61-ab06-5817ed0ed94e
jmeter+local-200-steady-20260707-100@electrahub.test,LoadTest@12345,fd84d90c-a6e3-456d-99ca-976cda752d69
jmeter+local-200-steady-20260707-101@electrahub.test,LoadTest@12345,9017c097-2499-4f4f-be48-f7da6939d931
jmeter+local-200-steady-20260707-102@electrahub.test,LoadTest@12345,7e5a14ce-9418-4da8-8576-66e19afb531b
jmeter+local-200-steady-20260707-103@electrahub.test,LoadTest@12345,81814be3-ab83-41d9-a5d4-9f3f9ccdedad
jmeter+local-200-steady-20260707-104@electrahub.test,LoadTest@12345,0a91380c-8d7e-4e2d-96c6-75a13e00aa19
jmeter+local-200-steady-20260707-105@electrahub.test,LoadTest@12345,33567c09-089f-443d-a4f2-fe4afb5f224b
jmeter+local-200-steady-20260707-106@electrahub.test,LoadTest@12345,9674f254-586e-49ed-b32f-97311fdb5d7b
jmeter+local-200-steady-20260707-107@electrahub.test,LoadTest@12345,e838858a-b77d-447d-9669-12c9ab36cd2e
jmeter+local-200-steady-20260707-108@electrahub.test,LoadTest@12345,64b45c17-7ee0-4ebb-9b91-8d0273f3596b
jmeter+local-200-steady-20260707-109@electrahub.test,LoadTest@12345,3132a4e2-e5f8-4b50-bf59-dede9de3d431
jmeter+local-200-steady-20260707-110@electrahub.test,LoadTest@12345,7de176a5-5174-4f9d-ae7e-7f67b900f5ca
jmeter+local-200-steady-20260707-111@electrahub.test,LoadTest@12345,13d86724-5c85-406f-90b3-346a91209020
jmeter+local-200-steady-20260707-112@electrahub.test,LoadTest@12345,68ccc2fb-d02a-4c40-8472-0c4c0cfcfe6f
jmeter+local-200-steady-20260707-113@electrahub.test,LoadTest@12345,f0fd7eba-9045-4050-9913-18fdb7442809
jmeter+local-200-steady-20260707-114@electrahub.test,LoadTest@12345,47a4071c-ead7-47ed-9549-ae9067773523
jmeter+local-200-steady-20260707-115@electrahub.test,LoadTest@12345,97aa58c1-aed4-45d1-9456-52235d3c7f83
jmeter+local-200-steady-20260707-116@electrahub.test,LoadTest@12345,ec9e5d5d-b472-4317-a09c-f14a080f35c0
jmeter+local-200-steady-20260707-117@electrahub.test,LoadTest@12345,6f2b39d8-e2c1-4a25-936a-096154336081
jmeter+local-200-steady-20260707-118@electrahub.test,LoadTest@12345,0713d3e9-ba67-458d-b4bf-251a7944f52e
jmeter+local-200-steady-20260707-119@electrahub.test,LoadTest@12345,c38ba16c-46c2-47c6-99b8-b871094606be
jmeter+local-200-steady-20260707-120@electrahub.test,LoadTest@12345,c6192eaf-a05d-4f0f-912d-6bbaa9e35bb0
jmeter+local-200-steady-20260707-121@electrahub.test,LoadTest@12345,379fb0e8-1e4f-4f66-acd8-62a3f938cd47
jmeter+local-200-steady-20260707-122@electrahub.test,LoadTest@12345,d4dfd99d-69e1-4ff4-b800-52d5b1da563d
jmeter+local-200-steady-20260707-123@electrahub.test,LoadTest@12345,41c10d5b-70ca-435c-8ddd-41d58dd4f864
jmeter+local-200-steady-20260707-124@electrahub.test,LoadTest@12345,9db2e47b-5cbb-4640-8c0e-fe4ffff70afe
jmeter+local-200-steady-20260707-125@electrahub.test,LoadTest@12345,d929ce2c-c0a2-4a9a-926b-813432f6ad5e
jmeter+local-200-steady-20260707-126@electrahub.test,LoadTest@12345,572d2309-9c9c-4c82-be76-f527e662c751
jmeter+local-200-steady-20260707-127@electrahub.test,LoadTest@12345,852f238b-a9fc-4f5d-841f-41c9f7705cf4
jmeter+local-200-steady-20260707-128@electrahub.test,LoadTest@12345,cdfde3c8-e456-4a36-9569-8d82a079a616
jmeter+local-200-steady-20260707-129@electrahub.test,LoadTest@12345,34e7c574-1269-466c-b279-7f544287349d
jmeter+local-200-steady-20260707-130@electrahub.test,LoadTest@12345,23201a50-7727-43b9-a79e-fb4706e0a059
jmeter+local-200-steady-20260707-131@electrahub.test,LoadTest@12345,24ea4af6-b35f-4510-8e38-afa07e255dd6
jmeter+local-200-steady-20260707-132@electrahub.test,LoadTest@12345,690a1bf6-3b62-40ec-9f86-b49e778af7f3
jmeter+local-200-steady-20260707-133@electrahub.test,LoadTest@12345,2eef1b85-d699-4296-99bb-3b2e96a7a53f
jmeter+local-200-steady-20260707-134@electrahub.test,LoadTest@12345,b7752cdb-afd0-4c06-ac74-9115627f9252
jmeter+local-200-steady-20260707-135@electrahub.test,LoadTest@12345,e7953bc1-52a0-4cf5-9d6b-cdd7356e76e4
jmeter+local-200-steady-20260707-136@electrahub.test,LoadTest@12345,0406ab3c-4f24-4878-a2b6-298353e5e9e4
jmeter+local-200-steady-20260707-137@electrahub.test,LoadTest@12345,566540d7-1d9c-4df8-a769-2dde474ac8aa
jmeter+local-200-steady-20260707-138@electrahub.test,LoadTest@12345,bd1d7ce3-7418-4e8e-922b-a48957229049
jmeter+local-200-steady-20260707-139@electrahub.test,LoadTest@12345,df93d906-b19e-4450-8e0f-560b6095e692
jmeter+local-200-steady-20260707-140@electrahub.test,LoadTest@12345,ae5194c1-5608-446a-804c-b99f7531fa64
jmeter+local-200-steady-20260707-141@electrahub.test,LoadTest@12345,2ac8d79f-3f07-42f1-bd6c-45e165a4f091
jmeter+local-200-steady-20260707-142@electrahub.test,LoadTest@12345,0479a6d6-0d99-4a79-b001-dbadc36556ca
jmeter+local-200-steady-20260707-143@electrahub.test,LoadTest@12345,6afd84a1-b99d-42bc-bde9-89f1ff23c3c9
jmeter+local-200-steady-20260707-144@electrahub.test,LoadTest@12345,4996ca42-903e-4abe-9297-fb4af89146d9
jmeter+local-200-steady-20260707-145@electrahub.test,LoadTest@12345,b026b422-1cc1-48dd-ab7a-7d397fc1840f
jmeter+local-200-steady-20260707-146@electrahub.test,LoadTest@12345,7d9d6ed5-96fa-44b6-8b49-b4bf015bc3a6
jmeter+local-200-steady-20260707-147@electrahub.test,LoadTest@12345,c3e82498-3423-45a2-afef-8e5ae9a88cdd
jmeter+local-200-steady-20260707-148@electrahub.test,LoadTest@12345,70280e8b-b4f5-476b-a3eb-424f2c5cd020
jmeter+local-200-steady-20260707-149@electrahub.test,LoadTest@12345,ba8b0a96-d0f1-43c3-9274-c88bf8dd9d84
jmeter+local-200-steady-20260707-150@electrahub.test,LoadTest@12345,7545e40f-8683-4136-8792-b11a309b6a13
jmeter+local-200-steady-20260707-151@electrahub.test,LoadTest@12345,fe0a7484-a84b-4c73-b97f-960fd18c47cf
jmeter+local-200-steady-20260707-152@electrahub.test,LoadTest@12345,79add68b-71a6-4072-a246-6d25e410852d
jmeter+local-200-steady-20260707-153@electrahub.test,LoadTest@12345,5779f7ff-2d7b-469f-89e1-4c06ca475b30
jmeter+local-200-steady-20260707-154@electrahub.test,LoadTest@12345,70b830db-aebe-4896-8937-54aca42157e2
jmeter+local-200-steady-20260707-155@electrahub.test,LoadTest@12345,c6da6d47-6efa-4196-8bc4-971eaebd59cf
jmeter+local-200-steady-20260707-156@electrahub.test,LoadTest@12345,e814676e-97f1-458a-9d40-86db6ee91226
jmeter+local-200-steady-20260707-157@electrahub.test,LoadTest@12345,9284e9a2-9b92-4819-ae18-3f4884aab309
jmeter+local-200-steady-20260707-158@electrahub.test,LoadTest@12345,cabdbd57-67f4-410d-973a-b96183a2eca7
jmeter+local-200-steady-20260707-159@electrahub.test,LoadTest@12345,47db7795-838f-4efe-9c67-5284a1e37fad
jmeter+local-200-steady-20260707-160@electrahub.test,LoadTest@12345,d0bd477b-12db-4184-bd4a-8b5379bf1464
jmeter+local-200-steady-20260707-161@electrahub.test,LoadTest@12345,7e19b67b-82cd-415a-8c94-046d058166d0
jmeter+local-200-steady-20260707-162@electrahub.test,LoadTest@12345,3e528058-f5d2-4847-8d9d-d78467438e31
jmeter+local-200-steady-20260707-163@electrahub.test,LoadTest@12345,11150964-3d22-4055-adc0-ce895eea5b24
jmeter+local-200-steady-20260707-164@electrahub.test,LoadTest@12345,c43090ff-7170-4033-b30c-12c91cbc3afa
jmeter+local-200-steady-20260707-165@electrahub.test,LoadTest@12345,70eebe03-6a65-4174-bb14-1f268c66833e
jmeter+local-200-steady-20260707-166@electrahub.test,LoadTest@12345,a706369f-73a8-4260-90fd-6dd6bdac86da
jmeter+local-200-steady-20260707-167@electrahub.test,LoadTest@12345,d0b80bc7-adb0-463d-9c91-c562313657fc
jmeter+local-200-steady-20260707-168@electrahub.test,LoadTest@12345,f2ae9a10-0906-4ef9-b1f8-7da4e4f14f33
jmeter+local-200-steady-20260707-169@electrahub.test,LoadTest@12345,db2df5d3-2f93-469b-a49c-396d6c36380a
jmeter+local-200-steady-20260707-170@electrahub.test,LoadTest@12345,670497bd-4999-4d8c-b3b8-ed8ddcdfdab9
jmeter+local-200-steady-20260707-171@electrahub.test,LoadTest@12345,45f8e269-ac0e-47e0-82d0-83bae8960b53
jmeter+local-200-steady-20260707-172@electrahub.test,LoadTest@12345,edfff716-5bc9-49bf-803a-8d231ea78743
jmeter+local-200-steady-20260707-173@electrahub.test,LoadTest@12345,dd34d36c-5090-45c3-9aee-cc81f80dd573
jmeter+local-200-steady-20260707-174@electrahub.test,LoadTest@12345,62a621f6-f6cc-4dd3-8720-3ca8d334f470
jmeter+local-200-steady-20260707-175@electrahub.test,LoadTest@12345,599e7c95-f3c0-4c44-adf4-6b8669a30d12
jmeter+local-200-steady-20260707-176@electrahub.test,LoadTest@12345,2aa1cd08-1af5-4ada-8b48-72c0261328b5
jmeter+local-200-steady-20260707-177@electrahub.test,LoadTest@12345,ad6d02fa-35e1-458f-a3c9-4105790445e4
jmeter+local-200-steady-20260707-178@electrahub.test,LoadTest@12345,7c78668c-5447-4698-8cfb-f949280975b3
jmeter+local-200-steady-20260707-179@electrahub.test,LoadTest@12345,2968c511-9769-4350-b805-ab2794714c93
jmeter+local-200-steady-20260707-180@electrahub.test,LoadTest@12345,a4ccd29c-2b88-4eed-a531-b3b50110e883
jmeter+local-200-steady-20260707-181@electrahub.test,LoadTest@12345,5328d02d-b000-4a5a-a1f5-ec4df3ee30fe
jmeter+local-200-steady-20260707-182@electrahub.test,LoadTest@12345,208603b9-c988-4913-a6f7-0f6aae7a6023
jmeter+local-200-steady-20260707-183@electrahub.test,LoadTest@12345,9433e206-2f22-414b-b4cf-e43c97cea597
jmeter+local-200-steady-20260707-184@electrahub.test,LoadTest@12345,10a2fd71-8ef0-4af5-a1a1-3ef5cdf6319a
jmeter+local-200-steady-20260707-185@electrahub.test,LoadTest@12345,4d876385-726c-47ed-ba45-3ab5a2ca751f
jmeter+local-200-steady-20260707-186@electrahub.test,LoadTest@12345,81bea9f4-4547-4837-b88a-e2f2168f5640
jmeter+local-200-steady-20260707-187@electrahub.test,LoadTest@12345,fd456619-018d-4eca-af3c-920806a56728
jmeter+local-200-steady-20260707-188@electrahub.test,LoadTest@12345,4b491844-39b9-4371-8a71-9c16bfcb6c38
jmeter+local-200-steady-20260707-189@electrahub.test,LoadTest@12345,7161f5bf-0b9b-49c3-a9a0-e769c6c4f1e2
jmeter+local-200-steady-20260707-190@electrahub.test,LoadTest@12345,65548d9b-6b1a-4bd8-b6cc-a55dc2ec73bd
jmeter+local-200-steady-20260707-191@electrahub.test,LoadTest@12345,68fffcee-6f32-4ca8-bfd1-971af4c34ad7
jmeter+local-200-steady-20260707-192@electrahub.test,LoadTest@12345,4262660a-6b18-4a68-a82a-fc5a731c094c
jmeter+local-200-steady-20260707-193@electrahub.test,LoadTest@12345,191ccd8b-dad5-44df-8405-2a9ffc006486
jmeter+local-200-steady-20260707-194@electrahub.test,LoadTest@12345,487bcbe2-032b-499f-8480-78f0651f1e62
jmeter+local-200-steady-20260707-195@electrahub.test,LoadTest@12345,ec35bbef-4a1e-442f-b895-3c616b039fdd
jmeter+local-200-steady-20260707-196@electrahub.test,LoadTest@12345,f3d1477b-9086-4f88-acd3-d7aba3624046
jmeter+local-200-steady-20260707-197@electrahub.test,LoadTest@12345,67ccc019-cab9-4c8b-8f3b-66dca7bd7315
jmeter+local-200-steady-20260707-198@electrahub.test,LoadTest@12345,e17825b4-1118-49bd-b3b7-44d0f4a70bb6
jmeter+local-200-steady-20260707-199@electrahub.test,LoadTest@12345,f4b2f17b-a30b-417a-86a5-9fc8bc65819e
jmeter+local-200-steady-20260707-200@electrahub.test,LoadTest@12345,d874e316-e381-442c-99d8-55ef64c5de85
jmeter+local-100-burst-20260707-010@electrahub.test,LoadTest@12345,995bd1c7-83fe-4c1f-bbeb-ba51cfc0f7d4
jmeter+local-100-burst-20260707-022@electrahub.test,LoadTest@12345,e994308a-a26c-4d1f-a45e-0eb787e7ea32
jmeter+local-100-burst-20260707-006@electrahub.test,LoadTest@12345,1f3befc5-bc33-4809-8be2-944d551909e1
jmeter+local-100-burst-20260707-004@electrahub.test,LoadTest@12345,3e6dbefa-8f7d-4c88-8a5c-1cbd9d83eac2
jmeter+local-100-burst-20260707-002@electrahub.test,LoadTest@12345,6146fb7b-6ed0-4b9b-bdef-a875c7411aac
jmeter+local-100-burst-20260707-016@electrahub.test,LoadTest@12345,124472c6-4b75-49b7-b82b-afc9c76f707a
jmeter+local-100-burst-20260707-013@electrahub.test,LoadTest@12345,28d115ed-88e7-4d32-b357-235e75ee2d78
jmeter+local-100-burst-20260707-003@electrahub.test,LoadTest@12345,03657e95-a7dd-41d1-9730-173bfa48ae83
jmeter+local-100-burst-20260707-005@electrahub.test,LoadTest@12345,7676296b-857a-4f0a-8347-c24e296b1bdb
jmeter+local-100-burst-20260707-007@electrahub.test,LoadTest@12345,c53c2ba9-9149-4363-8aa1-3f82453d9572
jmeter+local-100-burst-20260707-015@electrahub.test,LoadTest@12345,c1897426-431a-40b0-bb93-34dc3fc13c22
jmeter+local-100-burst-20260707-001@electrahub.test,LoadTest@12345,c5d69cd3-254a-4223-a4c3-eb3b2e9c332a
jmeter+local-100-burst-20260707-019@electrahub.test,LoadTest@12345,8d24d818-3058-467f-bd6d-48537825dc4f
jmeter+local-100-burst-20260707-018@electrahub.test,LoadTest@12345,b57b2a2c-c773-4049-a553-cb33cadc4298
jmeter+local-100-burst-20260707-008@electrahub.test,LoadTest@12345,b61ac50f-361d-401a-aa99-c7228cb24710
jmeter+local-100-burst-20260707-014@electrahub.test,LoadTest@12345,cb3e7c3f-7f60-49d1-b235-fe98b7ff6f5e
jmeter+local-100-burst-20260707-017@electrahub.test,LoadTest@12345,ef782eff-03f7-441a-81c5-913e7750fd18
jmeter+local-100-burst-20260707-021@electrahub.test,LoadTest@12345,9a3c6700-1486-4a3c-9476-101a20929e1c
jmeter+local-100-burst-20260707-009@electrahub.test,LoadTest@12345,2c901eb3-b64d-4228-b2dd-a0eecc799672
jmeter+local-100-burst-20260707-011@electrahub.test,LoadTest@12345,612846a9-92ea-4c30-b802-2d2483a07d3c
jmeter+local-100-burst-20260707-012@electrahub.test,LoadTest@12345,778454f0-9217-4d30-a632-b2e484398af7
jmeter+local-100-burst-20260707-020@electrahub.test,LoadTest@12345,5a7f56c5-900b-468f-9074-09efbcfa3d23
jmeter+local-100-burst-20260707-026@electrahub.test,LoadTest@12345,77d10000-06e7-4b1f-a8db-b2f273b0c121
jmeter+local-100-burst-20260707-025@electrahub.test,LoadTest@12345,907dc352-ca6b-437d-9e5d-bfe63bfb870f
jmeter+local-100-burst-20260707-024@electrahub.test,LoadTest@12345,a1cfd665-c531-4319-9f0a-7913154ccfc3
jmeter+local-100-burst-20260707-029@electrahub.test,LoadTest@12345,f2bcf6ed-ca1e-48f3-8f08-a22688a12127
jmeter+local-100-burst-20260707-028@electrahub.test,LoadTest@12345,948ef0c8-553b-4aa6-a4aa-f16998acc630
jmeter+local-100-burst-20260707-027@electrahub.test,LoadTest@12345,949a47ce-7cc0-47a5-953c-5c7e65e56950
jmeter+local-100-burst-20260707-023@electrahub.test,LoadTest@12345,8cfaa2bf-0e79-410e-8943-73edbbe9f70c
jmeter+local-100-burst-20260707-030@electrahub.test,LoadTest@12345,659cd0cf-fb63-4e49-8be2-010cbc043323
jmeter+local-100-burst-20260707-031@electrahub.test,LoadTest@12345,7f5c07a2-b310-4546-ada3-b75ed256749d
jmeter+local-100-burst-20260707-032@electrahub.test,LoadTest@12345,672eb55b-fd69-4d91-b5c4-1d55a6b5ce53
jmeter+local-100-burst-20260707-034@electrahub.test,LoadTest@12345,933f8f98-bf7b-4e9f-88f1-535f31aa7159
jmeter+local-100-burst-20260707-035@electrahub.test,LoadTest@12345,f7c29389-aaec-4b6c-b978-c52e3d511516
jmeter+local-100-burst-20260707-033@electrahub.test,LoadTest@12345,57a148eb-33de-4a36-8ded-4e607da37c3f
jmeter+local-100-burst-20260707-036@electrahub.test,LoadTest@12345,ac879714-ea32-48b3-b943-c32bcd0e0bf6
jmeter+local-100-burst-20260707-037@electrahub.test,LoadTest@12345,86204070-5e61-42e7-8d5a-0db34918af27
jmeter+local-100-burst-20260707-038@electrahub.test,LoadTest@12345,a58076b6-4eff-4e4a-865c-81dcc7f3d8be
jmeter+local-100-burst-20260707-039@electrahub.test,LoadTest@12345,a17dc771-3e68-4033-8f0f-51b97e3465c3
jmeter+local-100-burst-20260707-040@electrahub.test,LoadTest@12345,84a4e7ac-e604-44e6-b0ec-9e7495fda0b9
jmeter+local-100-burst-20260707-041@electrahub.test,LoadTest@12345,89d4550f-fbf1-47ab-a9c7-054be2f64eec
jmeter+local-100-burst-20260707-042@electrahub.test,LoadTest@12345,87ec04da-162f-4773-9592-5e5931883eb5
jmeter+local-100-burst-20260707-044@electrahub.test,LoadTest@12345,a3544dbb-b2ba-4658-a667-95545e7dd0c1
jmeter+local-100-burst-20260707-045@electrahub.test,LoadTest@12345,42eb4b57-207e-4635-9d35-2b1b5a8ad0fc
jmeter+local-100-burst-20260707-043@electrahub.test,LoadTest@12345,0b5dcb3a-48e4-4e8d-bfd8-00f5921561d9
jmeter+local-100-burst-20260707-047@electrahub.test,LoadTest@12345,5e095ca5-c75a-48d9-9201-61845164b0d8
jmeter+local-100-burst-20260707-046@electrahub.test,LoadTest@12345,c8f7ac82-0fc1-4f4a-96ab-641075a0d615
jmeter+local-100-burst-20260707-048@electrahub.test,LoadTest@12345,0c9a9511-92fc-461c-b299-e63544a82d5e
jmeter+local-100-burst-20260707-050@electrahub.test,LoadTest@12345,e398c074-4227-43cf-9f2b-41a54ba704d5
jmeter+local-100-burst-20260707-049@electrahub.test,LoadTest@12345,6d6f5a33-8332-41eb-9308-a17208c66058
jmeter+local-100-burst-20260707-051@electrahub.test,LoadTest@12345,20d2f369-8696-4e44-9a2f-05bfd305ac3a
jmeter+local-100-burst-20260707-052@electrahub.test,LoadTest@12345,4253883d-5904-49b9-9149-5fb8cf86e2b4
jmeter+local-100-burst-20260707-053@electrahub.test,LoadTest@12345,64211101-29fa-46b2-b5b7-9c1dfaad0bd2
jmeter+local-100-burst-20260707-054@electrahub.test,LoadTest@12345,aa2c2ad1-2184-448b-a7dd-c7e56455dc82
jmeter+local-100-burst-20260707-055@electrahub.test,LoadTest@12345,a8d2735b-6af4-4084-b292-48582911fa65
jmeter+local-100-burst-20260707-057@electrahub.test,LoadTest@12345,eee160c5-435c-4bcd-a885-87cb487de2ee
jmeter+local-100-burst-20260707-056@electrahub.test,LoadTest@12345,a81c51c1-d985-428b-84d0-2f291699a1c6
jmeter+local-100-burst-20260707-058@electrahub.test,LoadTest@12345,330fa621-a8fb-4a6e-9a86-375a68a9ea8f
jmeter+local-100-burst-20260707-059@electrahub.test,LoadTest@12345,cf5f334a-52e4-4adf-82ad-cbfa7e6b6e79
jmeter+local-100-burst-20260707-060@electrahub.test,LoadTest@12345,a3f5d954-e105-428c-ab06-2375cdf41a73
jmeter+local-100-burst-20260707-062@electrahub.test,LoadTest@12345,bfd48119-3e15-447f-a9e3-6b832f0fef47
jmeter+local-100-burst-20260707-061@electrahub.test,LoadTest@12345,5521546b-0d6b-4783-9dc6-0c630120e0a8
jmeter+local-100-burst-20260707-063@electrahub.test,LoadTest@12345,f38a8df3-e6c2-48de-bf87-6385f1898acf
jmeter+local-100-burst-20260707-064@electrahub.test,LoadTest@12345,8ce8aae0-72dd-4465-829f-84332fa8f238
jmeter+local-100-burst-20260707-066@electrahub.test,LoadTest@12345,9f38d4eb-ec47-4add-8bc9-b4546499e31f
jmeter+local-100-burst-20260707-065@electrahub.test,LoadTest@12345,abe4593e-ef81-4d3b-8de8-174c6cec66e7
jmeter+local-100-burst-20260707-067@electrahub.test,LoadTest@12345,052d9dc9-f8cc-4c0b-a788-883c78a53c15
jmeter+local-100-burst-20260707-068@electrahub.test,LoadTest@12345,1cea2c38-86be-48fe-bd81-153b7cca2369
jmeter+local-100-burst-20260707-069@electrahub.test,LoadTest@12345,02379c97-2da2-48d2-84b3-3062fde22572
jmeter+local-100-burst-20260707-070@electrahub.test,LoadTest@12345,875ea092-bd62-4a71-9c55-3e0fa5db3e3d
jmeter+local-100-burst-20260707-071@electrahub.test,LoadTest@12345,d11ff8f1-c10c-4186-ba92-db98a033d30d
jmeter+local-100-burst-20260707-072@electrahub.test,LoadTest@12345,37a85597-fd0e-4814-8db0-9df7449b15e6
jmeter+local-100-burst-20260707-073@electrahub.test,LoadTest@12345,ce639c74-8ecb-4656-9bc7-bf71e11fac13
jmeter+local-100-burst-20260707-074@electrahub.test,LoadTest@12345,705373c5-9242-4a1e-9b3f-f48ca415b858
jmeter+local-100-burst-20260707-075@electrahub.test,LoadTest@12345,6ef8759a-d511-4f86-820b-1e9ce933d829
jmeter+local-100-burst-20260707-076@electrahub.test,LoadTest@12345,573eef5c-23d5-44c4-beda-7e6a3bcdb4c1
jmeter+local-100-burst-20260707-077@electrahub.test,LoadTest@12345,889982f9-9b2d-42b5-83e7-a415984da25e
jmeter+local-100-burst-20260707-078@electrahub.test,LoadTest@12345,6d76dc22-8a76-40f2-9767-c260756c945d
jmeter+local-100-burst-20260707-079@electrahub.test,LoadTest@12345,2333e7e1-6a2b-42c2-82b2-5a30d84f9dfd
jmeter+local-100-burst-20260707-081@electrahub.test,LoadTest@12345,f1f6e718-6d3f-49db-b282-36ba693bd405
jmeter+local-100-burst-20260707-080@electrahub.test,LoadTest@12345,8af1c37a-1c5c-48ce-b5d7-61e5d4f07212
jmeter+local-100-burst-20260707-082@electrahub.test,LoadTest@12345,a9c6f9aa-b332-4bc6-8a87-de0760ae608a
jmeter+local-100-burst-20260707-083@electrahub.test,LoadTest@12345,e7810e90-db70-4884-8ac9-836dd3df93bc
jmeter+local-100-burst-20260707-084@electrahub.test,LoadTest@12345,aa829f36-b205-4762-8f21-e249afef86cd
jmeter+local-100-burst-20260707-087@electrahub.test,LoadTest@12345,4614de24-d1cf-422a-827c-7870c75b6100
jmeter+local-100-burst-20260707-086@electrahub.test,LoadTest@12345,18bca36a-1848-4598-bce7-7ac1494935f1
jmeter+local-100-burst-20260707-088@electrahub.test,LoadTest@12345,7a970aba-9046-486b-851a-67a83cfe8515
jmeter+local-100-burst-20260707-085@electrahub.test,LoadTest@12345,e28d7624-7cfc-49f8-97f9-5dd64e237f0d
jmeter+local-100-burst-20260707-090@electrahub.test,LoadTest@12345,9f11631e-46d6-4dfd-b175-b28701f4cd6f
jmeter+local-100-burst-20260707-089@electrahub.test,LoadTest@12345,68ac44f6-0a16-45f4-a028-107ed9fd69bf
jmeter+local-100-burst-20260707-091@electrahub.test,LoadTest@12345,619ba2c8-2608-474c-928b-164f57008926
jmeter+local-100-burst-20260707-094@electrahub.test,LoadTest@12345,171a0354-244e-4bd1-9eda-18cb850d81a1
jmeter+local-100-burst-20260707-092@electrahub.test,LoadTest@12345,3d8e71d4-d172-4d19-98a6-7112155ccdd5
jmeter+local-100-burst-20260707-095@electrahub.test,LoadTest@12345,e7f2b7f1-c085-45da-841b-cf752bd037bf
jmeter+local-100-burst-20260707-093@electrahub.test,LoadTest@12345,de14217f-d4ef-4ce6-8e58-696882009c3e
jmeter+local-100-burst-20260707-098@electrahub.test,LoadTest@12345,6d2be7d5-4b03-44ab-b3ab-7949d7a77a29
jmeter+local-100-burst-20260707-096@electrahub.test,LoadTest@12345,677201d3-2aaa-4a0a-8b9b-83b381005fe9
jmeter+local-100-burst-20260707-097@electrahub.test,LoadTest@12345,24635a14-ceaa-41bb-8203-4ff487fac08f
jmeter+local-100-burst-20260707-099@electrahub.test,LoadTest@12345,52007dec-617e-44af-ba19-1a9c59209f7b
jmeter+local-100-burst-20260707-100@electrahub.test,LoadTest@12345,16bde440-2c9f-475c-b97b-af9097d38ad0
jmeter+1783464539561-001@electrahub.test,LoadTest@12345,a303e91c-c1f3-4c42-8055-a9f6c895174b
jmeter+1783464539560-001@electrahub.test,LoadTest@12345,f5ef44ae-3e22-46aa-bd0c-b546ca0c23f8
jmeter+1783464754121-001@electrahub.test,LoadTest@12345,b18f8c34-322c-4737-aebf-caf2b6460903
jmeter+1783464754121-002@electrahub.test,LoadTest@12345,2eefc8ff-76b9-4578-8002-ad00d7cd48a0
jmeter+1783464754121-003@electrahub.test,LoadTest@12345,8a806f50-1201-46b0-887c-32e5c4f4d5b9
jmeter+1783464754121-004@electrahub.test,LoadTest@12345,af1120ba-9532-4dc2-8d34-52629243741a
jmeter+1783464754121-005@electrahub.test,LoadTest@12345,33979b0a-6811-4eb2-96d1-2ffa8b5b9cb6
jmeter+1783464754121-006@electrahub.test,LoadTest@12345,36fb35e4-c930-4298-bde4-d449f6ab68f4
jmeter+1783464754121-007@electrahub.test,LoadTest@12345,57fc6b1a-0f80-4ad9-8c75-a750deb2fafc
jmeter+1783464754121-008@electrahub.test,LoadTest@12345,91abc94a-8f41-4158-9f7b-0de118c36f2d
jmeter+1783464754121-009@electrahub.test,LoadTest@12345,8188915d-fc90-4c93-8165-bd36be7bff37
jmeter+1783464754121-010@electrahub.test,LoadTest@12345,72578d37-69f8-414b-817b-e89f616cfe39
jmeter+1783464754121-011@electrahub.test,LoadTest@12345,9e47435c-0bb9-4d74-b3f4-e3d603398e47
jmeter+1783464754121-012@electrahub.test,LoadTest@12345,c330ff26-f84f-48d7-bf3e-af6360d1a6c9
jmeter+1783464754121-013@electrahub.test,LoadTest@12345,a9b5b50c-1fad-47e3-bfa1-1d9d242964a5
jmeter+1783464754121-014@electrahub.test,LoadTest@12345,b138f5d7-bc76-4981-a4d0-536d23b72101
jmeter+1783464754121-015@electrahub.test,LoadTest@12345,0166ce87-634c-468d-adc7-d4ec4e9cd47e
jmeter+1783464754121-016@electrahub.test,LoadTest@12345,c89cf3e0-97fb-41f1-836f-e0dec4b0b2d4
jmeter+1783464754121-017@electrahub.test,LoadTest@12345,950118be-5522-4b5f-ae7e-b1044e87649c
jmeter+1783464754121-018@electrahub.test,LoadTest@12345,38e29f7c-0ae3-447d-8426-dfb21a765063
jmeter+1783464754121-019@electrahub.test,LoadTest@12345,1efa07fa-93d8-411f-b014-4860a849533e
jmeter+1783464754121-020@electrahub.test,LoadTest@12345,a31a9b1a-34ad-48e7-936c-931169c0f568
jmeter+1783464754121-021@electrahub.test,LoadTest@12345,d906b670-2e25-4d9a-871c-bd17ad143d93
jmeter+1783464754121-022@electrahub.test,LoadTest@12345,e4b55de1-70fb-4c0e-ac55-74984d119dcd
jmeter+1783464754121-023@electrahub.test,LoadTest@12345,e10f745e-adc6-451d-9778-a0c5490b4420
jmeter+1783464754121-024@electrahub.test,LoadTest@12345,59094b18-8b18-4524-b4a1-8f6cd85865b8
jmeter+1783464754121-025@electrahub.test,LoadTest@12345,3a6b37d7-8ad4-4776-b9c7-a33d53405477
jmeter+1783464754121-026@electrahub.test,LoadTest@12345,1f15d7fd-6e1d-4c74-a5cc-3620f987dd04
jmeter+1783464754121-027@electrahub.test,LoadTest@12345,c5ae5ca8-c43e-40f0-ba3f-09c379a2e0bd
jmeter+1783464754121-028@electrahub.test,LoadTest@12345,41350bd2-2a61-429a-917d-7de17bac492b
jmeter+1783464754121-029@electrahub.test,LoadTest@12345,d9181281-55af-4f59-9fde-9bb7da249c1b
jmeter+1783464754121-030@electrahub.test,LoadTest@12345,0c403d72-454e-4563-8b6b-d9f62a574fa1
jmeter+1783464754121-031@electrahub.test,LoadTest@12345,3a50f48c-9d81-407c-aa94-259bed53c3b2
jmeter+1783464754121-032@electrahub.test,LoadTest@12345,580b8453-5380-4fe8-81b8-63c33cd38fea
jmeter+1783464754121-033@electrahub.test,LoadTest@12345,d8cd6d96-bad1-42cd-8d9e-7aaa8a53de2d
jmeter+1783464754121-034@electrahub.test,LoadTest@12345,1772d62a-3517-4ef8-af92-2c7aa99cbef1
jmeter+1783464754121-035@electrahub.test,LoadTest@12345,6c4acbb4-36c4-4f6d-8432-b24b68899bc5
jmeter+1783464754121-036@electrahub.test,LoadTest@12345,d0fead3f-f0fa-4cf7-b1fd-3f2923ff9694
jmeter+1783464754121-037@electrahub.test,LoadTest@12345,df35c8e9-4467-4fdc-ba35-1212e46a9aa1
jmeter+1783464754121-038@electrahub.test,LoadTest@12345,e872964c-01a6-45ef-85ee-f0720efee3d4
jmeter+1783464754121-039@electrahub.test,LoadTest@12345,6f3f46b7-02bb-44e1-8d5b-6072a5ead424
jmeter+1783464754121-040@electrahub.test,LoadTest@12345,418135f3-d0e3-4a7e-82e0-fb637b6f88a8
jmeter+1783464754121-041@electrahub.test,LoadTest@12345,0c8c6fd3-befa-444a-a1e4-7c663c9f8b56
jmeter+1783464754121-042@electrahub.test,LoadTest@12345,2b6fb700-71cc-44dc-9493-3ff5c0e4b7b4
jmeter+1783464754121-043@electrahub.test,LoadTest@12345,156ae480-b38d-43c0-8065-1ffb244428c8
jmeter+1783464754121-044@electrahub.test,LoadTest@12345,60d1b93f-ae6e-4f86-ad37-d264331a4fab
jmeter+1783464754121-045@electrahub.test,LoadTest@12345,c5599675-90c1-4d9c-b43a-93906cd35c34
jmeter+1783464754121-046@electrahub.test,LoadTest@12345,8e0e2106-65e7-4198-bdfa-15a1c24a559d
jmeter+1783464754121-047@electrahub.test,LoadTest@12345,89013876-b600-4498-90bf-d6a529bd2965
jmeter+1783464754121-048@electrahub.test,LoadTest@12345,b6a4ccf5-b446-4033-9a65-e7ba1af1408d
jmeter+1783464754121-049@electrahub.test,LoadTest@12345,9cdbef13-6423-473c-84d1-fdced183c25f
jmeter+1783464754121-050@electrahub.test,LoadTest@12345,4d42975a-800f-4aec-8fc0-2d32a5e65652
jmeter+1783475263059-001@electrahub.test,LoadTest@12345,524f0297-d399-488a-9772-a11c34dec3fc
jmeter+1783475263058-001@electrahub.test,LoadTest@12345,c9a41524-98de-47ce-acbf-9373bd74ef96
jmeter+1783475532182-001@electrahub.test,LoadTest@12345,29c1f821-92be-4228-84b6-678128a6fc84
jmeter+1783475532183-001@electrahub.test,LoadTest@12345,4d2bb652-8956-450f-8e5b-b35f18543445
jmeter+1783475758819-low-balance-check-001@electrahub.test,LoadTest@12345,a803b591-8483-47ac-afca-2b3a77301e84
jmeter+1783475758819-full-001@electrahub.test,LoadTest@12345,37999576-67b0-4c58-8944-f6142213f12a
jmeter+1783475758819-low-balance-auto-stop-001@electrahub.test,LoadTest@12345,e405c3f3-d1a2-4c49-91e1-bdd6f2f94924
jmeter+1783475758819-subscription-discount-001@electrahub.test,LoadTest@12345,613bd096-babf-4f03-9083-6a1d8c4df9ea
jmeter+1783475758819-auto-top-up-check-001@electrahub.test,LoadTest@12345,db786703-54da-43d5-b1aa-166e53a2bfd2
jmeter+1783475758819-idle-fee-001@electrahub.test,LoadTest@12345,fc348eed-40a6-4c7e-8441-624ac4b4a983
jmeter+1783475758819-full-002@electrahub.test,LoadTest@12345,02417b5c-8409-4f69-ac85-8f247f0100af
jmeter+1783475758819-full-003@electrahub.test,LoadTest@12345,8f4d97ec-318d-40d6-b410-ef8994b9616a
jmeter+1783475758819-full-004@electrahub.test,LoadTest@12345,5589b3e1-6b52-4878-9dee-e7b201eef3f3
jmeter+1783475758819-full-005@electrahub.test,LoadTest@12345,811b5730-e8cd-45eb-aabf-7f2359e9cdf8
jmeter+1783475889338-idle-fee-001@electrahub.test,LoadTest@12345,fb17f13b-ea12-4e60-b1ef-05eae5307287
jmeter+1783475889338-full-001@electrahub.test,LoadTest@12345,2051cf12-e26b-43a0-8f80-f73f2870c08b
jmeter+1783475889338-low-balance-check-001@electrahub.test,LoadTest@12345,ece649f8-f618-4e11-8ba4-21f1329679b4
jmeter+1783475889338-low-balance-auto-stop-001@electrahub.test,LoadTest@12345,3b843216-bf71-4300-802f-1c0a3f11bba0
jmeter+1783475889338-auto-top-up-check-001@electrahub.test,LoadTest@12345,668df76d-8650-42da-a94e-58f59a106659
jmeter+1783475889338-subscription-discount-001@electrahub.test,LoadTest@12345,6d59baf2-43fd-4453-bd72-9b371e22b81e
jmeter+1783475889338-full-002@electrahub.test,LoadTest@12345,f424a30b-fddd-4c73-8c41-4a62791bcfbc
jmeter+1783475889338-full-003@electrahub.test,LoadTest@12345,2d5e609a-f213-4c1b-82c2-c66381b53048
jmeter+1783475889338-full-004@electrahub.test,LoadTest@12345,580955cd-6daa-4e74-b4ab-6fba49353b57
jmeter+1783475889338-full-005@electrahub.test,LoadTest@12345,a5a0734a-c90e-495a-98a7-b008e416ee55
jmeter+1783475889338-full-006@electrahub.test,LoadTest@12345,4b81924a-3e73-4eee-94d5-8eb6a14e05b9
jmeter+1783475889338-full-007@electrahub.test,LoadTest@12345,cba7c29d-e3d8-44dd-8654-dd6135171124
jmeter+1783475889338-full-008@electrahub.test,LoadTest@12345,2fe0096b-d623-4d59-859e-e2117bdc3ff0
jmeter+1783475889338-full-009@electrahub.test,LoadTest@12345,acac3fa3-dbb4-4078-8562-57c50a8a9a59
jmeter+1783475889338-full-010@electrahub.test,LoadTest@12345,f4c20cad-c662-4f32-bc8e-758fe7d668a1
jmeter+1783475889338-full-011@electrahub.test,LoadTest@12345,035750bb-e655-41c4-999a-3cd9ed39734d
jmeter+1783475889338-full-012@electrahub.test,LoadTest@12345,88e92dec-36de-44fd-a1e0-46a9acce6631
jmeter+1783475889338-full-013@electrahub.test,LoadTest@12345,d36f0d85-5403-454b-b63e-0a2630100959
jmeter+1783475889338-full-014@electrahub.test,LoadTest@12345,e5388dde-1ff8-49b8-b1b8-1b1dd868984e
jmeter+1783475889338-full-015@electrahub.test,LoadTest@12345,d9d8435f-45f4-48ab-a4fc-3fde1af27bef
jmeter+1783475889338-full-016@electrahub.test,LoadTest@12345,b8639028-c7f3-4682-8dca-c99f74e0ed98
jmeter+1783475889338-full-017@electrahub.test,LoadTest@12345,154bb1f7-0d2c-4d77-83ad-3b1657494817
jmeter+1783475889338-full-018@electrahub.test,LoadTest@12345,01da30ec-a25a-4284-b477-99038201f19f
jmeter+1783475889338-full-019@electrahub.test,LoadTest@12345,42e4517e-5cc0-4b7d-a6fd-f8f54c69e648
jmeter+1783475889338-full-020@electrahub.test,LoadTest@12345,3a00d5f5-6ea4-4d8e-9d93-5136ac11f8ff
jmeter+1783475889338-full-021@electrahub.test,LoadTest@12345,b8a37a56-25c5-479f-b209-d4552cc629af
jmeter+1783475889338-full-022@electrahub.test,LoadTest@12345,c50530ab-96cb-4775-bdf3-4eef4d1a6d28
jmeter+1783475889338-full-023@electrahub.test,LoadTest@12345,b562260b-7784-4c61-9bcd-3d83c8cdfd90
jmeter+1783475889338-full-024@electrahub.test,LoadTest@12345,bd28cbde-db5a-4e39-9ad8-2740b10bee2e
jmeter+1783475889338-full-025@electrahub.test,LoadTest@12345,e7e362d0-7d17-4cd1-8156-e2727215b3ac
jmeter+1783475889338-full-026@electrahub.test,LoadTest@12345,8d830259-8837-4993-9bd1-6fd5f47e84a2
jmeter+1783475889338-full-027@electrahub.test,LoadTest@12345,65cde8d3-849d-4699-ab20-334ab8fba135
jmeter+1783475889338-full-028@electrahub.test,LoadTest@12345,bf7d38c3-6b0f-44a5-bb16-bb3ab86a465b
jmeter+1783475889338-full-029@electrahub.test,LoadTest@12345,7a08165c-272d-4e1c-a228-47ea981dd1b7
jmeter+1783475889338-full-030@electrahub.test,LoadTest@12345,f15e3c1a-7978-4fd3-9ed7-b6b76c0cda1b
jmeter+1783475889338-full-031@electrahub.test,LoadTest@12345,64d2b361-0530-4550-a163-5e4a1bf1ff56
jmeter+1783475889338-full-032@electrahub.test,LoadTest@12345,79870448-2723-44d0-8899-5c636ec2b9b5
jmeter+1783475889338-full-033@electrahub.test,LoadTest@12345,73ae83f0-06ed-4b6d-aea1-291085a429c0
jmeter+codex-regression-20260708-01-full-001@electrahub.test,LoadTest@12345,232fc5e2-448f-433a-a874-2c8b400c22af
jmeter+codex-regression-20260708-01-low-balance-check-001@electrahub.test,LoadTest@12345,7aeb818a-d045-40e0-8ac8-ed1bdf12a18b
jmeter+codex-regression-20260708-01-auto-top-up-check-001@electrahub.test,LoadTest@12345,438184aa-3dc8-43c7-b5bd-8b5ba0225655
jmeter+codex-regression-20260708-01-low-balance-auto-stop-001@electrahub.test,LoadTest@12345,3da81311-0808-4949-961c-3467489bc059
jmeter+codex-regression-20260708-01-subscription-discount-001@electrahub.test,LoadTest@12345,7460fc01-de6c-4c09-9680-6db3ba67cc1e
jmeter+codex-regression-20260708-01-idle-fee-001@electrahub.test,LoadTest@12345,35dfc714-dac9-4ebe-9ff8-8109080f49db
jmeter+codex-regression-20260708-01-full-002@electrahub.test,LoadTest@12345,f01d8fd1-649d-4ab9-914b-449b91a59695
jmeter+codex-regression-20260708-01-full-003@electrahub.test,LoadTest@12345,3e3c0163-0579-4280-9002-b9b8d10d2623
jmeter+codex-regression-20260708-01-full-004@electrahub.test,LoadTest@12345,f0fcf8e8-e8a6-402b-b9c8-7289c33da409
jmeter+codex-regression-20260708-01-full-005@electrahub.test,LoadTest@12345,67c6a40b-2730-4dfe-af40-94ad61948324
jmeter+codex-regression-20260708-01-full-006@electrahub.test,LoadTest@12345,1824d543-9a54-450a-96b7-1a3b75597cee
jmeter+codex-regression-20260708-01-full-007@electrahub.test,LoadTest@12345,ed5b108e-ec29-4dfe-85c8-7f620175a43c
jmeter+codex-regression-20260708-01-full-008@electrahub.test,LoadTest@12345,cf4651fc-7f8f-4dee-ab66-ed103c972f32
jmeter+codex-regression-20260708-01-full-009@electrahub.test,LoadTest@12345,d2d5b169-09f6-49b6-8bd2-ac21edd1e019
jmeter+codex-regression-20260708-01-full-010@electrahub.test,LoadTest@12345,41762370-d0b0-45df-a378-20cf9ea10bfc
jmeter+codex-regression-20260708-01-full-011@electrahub.test,LoadTest@12345,3bae3f3b-11f0-4c1d-b5c0-850808a78a2f
jmeter+codex-regression-20260708-01-full-012@electrahub.test,LoadTest@12345,f33cbbf1-1eb3-42b0-b539-48c1a6868c45
jmeter+codex-regression-20260708-01-full-013@electrahub.test,LoadTest@12345,8d3f3bfe-359f-4968-be48-4ae1881b53f0
jmeter+codex-regression-20260708-01-full-014@electrahub.test,LoadTest@12345,ff66069e-4d7f-429b-878e-21478f5589c1
jmeter+codex-regression-20260708-01-full-015@electrahub.test,LoadTest@12345,f331c93a-2f11-4017-9cac-53152c64707f
jmeter+codex-regression-20260708-01-full-016@electrahub.test,LoadTest@12345,a7d0cee2-8950-4fa5-8b89-cecdc124bf39
jmeter+codex-regression-20260708-01-full-017@electrahub.test,LoadTest@12345,91bfea58-1c8e-46d5-9c74-ece1fcdf8570
jmeter+codex-regression-20260708-01-full-018@electrahub.test,LoadTest@12345,7b36d7c6-2b17-4d7d-8e06-2eaee222d40f
jmeter+codex-regression-20260708-01-full-019@electrahub.test,LoadTest@12345,8d4bd0b7-abf4-43a3-9022-f4cc4352522d
jmeter+codex-regression-20260708-01-full-020@electrahub.test,LoadTest@12345,92145fb3-0cff-4e1e-95ab-3d0c8a14b379
jmeter+codex-regression-20260708-01-full-021@electrahub.test,LoadTest@12345,442d0c50-5de4-48d9-af4b-4ec40b725e44
jmeter+codex-regression-20260708-01-full-022@electrahub.test,LoadTest@12345,8d01d1ad-34d8-4b72-834c-79bc6c9368b2
jmeter+codex-regression-20260708-01-full-023@electrahub.test,LoadTest@12345,73a23283-5195-43dc-b67a-d3b4029d66ab
jmeter+codex-regression-20260708-01-full-024@electrahub.test,LoadTest@12345,966cf33e-d57a-46ce-bb7a-2928a04a89f9
jmeter+codex-regression-20260708-01-full-025@electrahub.test,LoadTest@12345,35d69291-8fb1-4dfd-a261-e9e9eae89be2
jmeter+codex-regression-20260708-01-full-026@electrahub.test,LoadTest@12345,beed9673-0d21-4543-b59c-6c9afa061262
jmeter+codex-regression-20260708-01-full-027@electrahub.test,LoadTest@12345,5d39a955-c7e6-4d7b-9410-b947f60da6b9
jmeter+codex-regression-20260708-01-full-028@electrahub.test,LoadTest@12345,f02cb4bb-d202-42dd-be1b-776acbc65bba
jmeter+codex-regression-20260708-01-full-029@electrahub.test,LoadTest@12345,0964b5fc-629a-47a5-8d5b-90bc06d0acb1
jmeter+codex-regression-20260708-01-full-030@electrahub.test,LoadTest@12345,68f6fe62-c790-4fbc-b532-b3939387e249
jmeter+codex-regression-20260708-01-full-031@electrahub.test,LoadTest@12345,af564906-df63-4be7-9c84-96afe6236bf0
jmeter+codex-regression-20260708-01-full-032@electrahub.test,LoadTest@12345,9553b4d5-5860-4455-81d7-404930e497a5
jmeter+codex-regression-20260708-01-full-033@electrahub.test,LoadTest@12345,7f454f21-8d55-4f26-8703-fa993bb91e7d
jmeter+codex-regression-20260708-02-idle-fee-001@electrahub.test,LoadTest@12345,30de890e-f977-4ec9-af74-fe75ef14df9a
jmeter+codex-regression-20260708-02-low-balance-check-001@electrahub.test,LoadTest@12345,f9e84820-d712-4ea0-aded-5b20a63e1a11
jmeter+codex-regression-20260708-02-subscription-discount-001@electrahub.test,LoadTest@12345,e4a28db2-345e-4a77-abd9-cabfb1fb6132
jmeter+codex-regression-20260708-02-auto-top-up-check-001@electrahub.test,LoadTest@12345,15b7843c-87e8-4709-9b5b-5917f523c61d
jmeter+codex-regression-20260708-02-low-balance-auto-stop-001@electrahub.test,LoadTest@12345,c8101421-52f3-4338-aa16-4c636e8eadad
jmeter+codex-regression-20260708-02-full-001@electrahub.test,LoadTest@12345,dbb407e9-77ba-4e28-a494-53f862964186
jmeter+codex-regression-20260708-02-full-002@electrahub.test,LoadTest@12345,cc86d500-cee5-4f29-a53a-978ccfdd6cd8
jmeter+codex-regression-20260708-02-full-003@electrahub.test,LoadTest@12345,72702967-3c06-4cc1-a5ef-1212ea0d7000
jmeter+codex-regression-20260708-02-full-004@electrahub.test,LoadTest@12345,a3e34dec-9e5c-461f-9421-d8289e6ac857
jmeter+codex-regression-20260708-02-full-005@electrahub.test,LoadTest@12345,824c2f37-445b-4548-82e1-8a4fed15613e
jmeter+codex-regression-20260708-02-full-006@electrahub.test,LoadTest@12345,84a6b550-083b-4470-bbfc-4f11ad8d8819
jmeter+codex-regression-20260708-02-full-007@electrahub.test,LoadTest@12345,1f3c3a64-1a73-463c-bc14-68b4924a0637
jmeter+codex-regression-20260708-02-full-008@electrahub.test,LoadTest@12345,346159b9-890b-45e8-a372-5d2e02ada476
jmeter+codex-regression-20260708-02-full-009@electrahub.test,LoadTest@12345,46097a4d-aba0-435c-8838-4c7d39f46288
jmeter+codex-regression-20260708-02-full-010@electrahub.test,LoadTest@12345,329348a0-c1ed-40e7-a940-f2cbe4b3b074
jmeter+codex-regression-20260708-02-full-011@electrahub.test,LoadTest@12345,82b75df5-b585-4713-a895-cf2adab846fd
jmeter+codex-regression-20260708-02-full-012@electrahub.test,LoadTest@12345,1c305bba-4178-4f33-86d1-ec981fca2cf4
jmeter+codex-regression-20260708-02-full-013@electrahub.test,LoadTest@12345,2a721791-337d-4aac-ab35-f6dd7629b3b7
jmeter+codex-regression-20260708-02-full-014@electrahub.test,LoadTest@12345,47a57838-4ba8-4e82-ace3-03dc51ab016c
jmeter+codex-regression-20260708-02-full-015@electrahub.test,LoadTest@12345,a27bd0b3-9639-4079-95de-23826d53dbe0
jmeter+codex-regression-20260708-02-full-016@electrahub.test,LoadTest@12345,6eef26ad-a803-4202-adbc-f0368e70e1f2
jmeter+codex-regression-20260708-02-full-017@electrahub.test,LoadTest@12345,9095c851-a2e5-4228-a455-459d09d4c871
jmeter+codex-regression-20260708-02-full-018@electrahub.test,LoadTest@12345,40584b13-6c13-47fe-aa06-66568f0a6bc0
jmeter+codex-regression-20260708-02-full-019@electrahub.test,LoadTest@12345,8edaac2e-b6f8-4845-a8cf-91792d2d01b7
jmeter+codex-regression-20260708-02-full-020@electrahub.test,LoadTest@12345,79719e11-1176-4c12-aa34-1838a91c59a3
jmeter+codex-regression-20260708-02-full-021@electrahub.test,LoadTest@12345,f34d243f-4e88-4bb8-b16f-039f267d69e9
jmeter+codex-regression-20260708-02-full-022@electrahub.test,LoadTest@12345,d2e25a4e-eb01-45cd-8eb4-e598a6d76526
jmeter+codex-regression-20260708-02-full-023@electrahub.test,LoadTest@12345,f1fd8658-426b-41f4-9599-0375f830e7bd
jmeter+codex-regression-20260708-02-full-024@electrahub.test,LoadTest@12345,4592ac01-3e41-4c35-bd75-c93075909846
jmeter+codex-regression-20260708-02-full-025@electrahub.test,LoadTest@12345,cf953f88-d813-47f8-aa5c-96fd9a66ef7e
jmeter+codex-regression-20260708-02-full-026@electrahub.test,LoadTest@12345,584ee746-33ac-4f59-8d54-64c0a636a0c3
jmeter+codex-regression-20260708-02-full-027@electrahub.test,LoadTest@12345,928d46c9-ccce-429a-a5dd-96b6a4f49a61
jmeter+codex-regression-20260708-02-full-028@electrahub.test,LoadTest@12345,724ad65d-4054-4f6b-853a-50951042f1ae
jmeter+codex-regression-20260708-02-full-029@electrahub.test,LoadTest@12345,423da37e-7bb6-4b7b-8336-deef7eb5d757
jmeter+codex-regression-20260708-02-full-030@electrahub.test,LoadTest@12345,0e60954c-b511-4c51-9566-93f19c6145c5
jmeter+codex-regression-20260708-02-full-031@electrahub.test,LoadTest@12345,444eac40-aeb4-4398-b6c7-6ae5955d0205
jmeter+codex-regression-20260708-02-full-032@electrahub.test,LoadTest@12345,23a0c1fb-8d71-4dff-9665-01c41d6df641
jmeter+codex-regression-20260708-02-full-033@electrahub.test,LoadTest@12345,f4ac04d1-50cc-4dc0-8e73-f63567454d99
jmeter+codex-regression-20260708-03-subscription-discount-001@electrahub.test,LoadTest@12345,a3028d63-1f4a-4591-8e3b-ce25eb66d6c3
jmeter+codex-regression-20260708-03-low-balance-check-001@electrahub.test,LoadTest@12345,770bc2da-e357-4d7b-afc2-6e87c1540c29
jmeter+codex-regression-20260708-03-idle-fee-001@electrahub.test,LoadTest@12345,cafa25e9-a31e-46d4-a7eb-6fcf40ad6cf0
jmeter+codex-regression-20260708-03-low-balance-auto-stop-001@electrahub.test,LoadTest@12345,7c72c90d-d225-412e-a49e-a3159c30394c
jmeter+codex-regression-20260708-03-full-001@electrahub.test,LoadTest@12345,54030359-10ff-43c6-8177-16180bd85e6f
jmeter+codex-regression-20260708-03-auto-top-up-check-001@electrahub.test,LoadTest@12345,76f65346-d37c-4416-9685-6fa5f4354911
jmeter+codex-regression-20260708-03-full-002@electrahub.test,LoadTest@12345,3f589842-6592-4d6d-8809-de6baab5888d
jmeter+codex-regression-20260708-03-full-003@electrahub.test,LoadTest@12345,aa9a810b-37ef-4ef1-baf2-3d38a7d21e10
jmeter+codex-regression-20260708-03-full-004@electrahub.test,LoadTest@12345,2fe42833-d565-47d1-af3b-c51e8e0cc77b
jmeter+codex-regression-20260708-03-full-005@electrahub.test,LoadTest@12345,cb32f349-2adb-4f59-886a-dc494f24f333
jmeter+codex-regression-20260708-03-full-006@electrahub.test,LoadTest@12345,41fcf8a1-76e8-4610-b37d-77d25dc2029c
jmeter+codex-regression-20260708-03-full-007@electrahub.test,LoadTest@12345,ae0ff650-bb14-4213-878a-7491f818c252
jmeter+codex-regression-20260708-03-full-008@electrahub.test,LoadTest@12345,1d8650a5-07d8-4b21-bee6-38007b69321c
jmeter+codex-regression-20260708-03-full-009@electrahub.test,LoadTest@12345,b24f578d-9c07-4b3d-985d-31f21a4ed373
jmeter+codex-regression-20260708-03-full-010@electrahub.test,LoadTest@12345,1f9c8c9c-377e-4f30-a508-666ccb399d5f
jmeter+codex-regression-20260708-03-full-011@electrahub.test,LoadTest@12345,3902bfa7-b5f3-4f34-867d-667b9c9a3c57
jmeter+codex-regression-20260708-03-full-012@electrahub.test,LoadTest@12345,a8bb7ce6-c65c-4678-927b-df1c88bd91a7
jmeter+codex-regression-20260708-03-full-013@electrahub.test,LoadTest@12345,1107945a-5d94-4375-b106-07624f7805aa
jmeter+codex-regression-20260708-03-full-014@electrahub.test,LoadTest@12345,225afedd-e24d-49af-a482-710da994d3e2
jmeter+codex-regression-20260708-03-full-015@electrahub.test,LoadTest@12345,02c430ae-66ab-4239-8ce1-91602fc7094e
jmeter+codex-regression-20260708-03-full-016@electrahub.test,LoadTest@12345,4e5b6fc9-3777-4185-aa3d-13784b76c4b5
jmeter+codex-regression-20260708-03-full-017@electrahub.test,LoadTest@12345,a28f60d1-41e2-49b1-82d9-3d3dfb33a55a
jmeter+codex-regression-20260708-03-full-018@electrahub.test,LoadTest@12345,55155dcf-a324-43d4-8d6e-3c747b163657
jmeter+codex-regression-20260708-03-full-019@electrahub.test,LoadTest@12345,0775bb7b-9740-4ecf-9ccd-c34b8bfa8877
jmeter+codex-regression-20260708-03-full-020@electrahub.test,LoadTest@12345,c427aa24-05a6-49ed-995d-3a2629506f3b
jmeter+codex-regression-20260708-03-full-021@electrahub.test,LoadTest@12345,8ee6daae-5115-4806-b83f-5909010a44c1
jmeter+codex-regression-20260708-03-full-022@electrahub.test,LoadTest@12345,ddf39abf-4a1a-4201-b3b2-d34d45147697
jmeter+codex-regression-20260708-03-full-023@electrahub.test,LoadTest@12345,0f702259-2528-4437-9b4b-793c15f556b4
jmeter+codex-regression-20260708-03-full-024@electrahub.test,LoadTest@12345,8178b1e0-f718-4986-a8c3-23f7d5863fab
jmeter+codex-regression-20260708-03-full-025@electrahub.test,LoadTest@12345,3384a106-87f6-4886-8b7f-32c7cb027634
jmeter+codex-regression-20260708-03-full-026@electrahub.test,LoadTest@12345,bbdddad6-27b2-41ef-9a41-052fc7ea0f35
jmeter+codex-regression-20260708-03-full-027@electrahub.test,LoadTest@12345,eeff0162-254c-4462-83d5-cb1c1218c3c3
jmeter+codex-regression-20260708-03-full-028@electrahub.test,LoadTest@12345,0751faf7-be18-459e-aeec-a7a3923abb04
jmeter+codex-regression-20260708-03-full-029@electrahub.test,LoadTest@12345,a9b56382-1949-4fb7-a4fa-1b6e8778de1f
jmeter+codex-regression-20260708-03-full-030@electrahub.test,LoadTest@12345,e407aa90-4c50-478e-802f-41a31c01397d
jmeter+codex-regression-20260708-03-full-031@electrahub.test,LoadTest@12345,0fbd96e8-d18b-4a28-8135-d16468d75430
jmeter+codex-regression-20260708-03-full-032@electrahub.test,LoadTest@12345,359202a5-7aa8-4fb9-a633-ae7952134312
jmeter+codex-regression-20260708-03-full-033@electrahub.test,LoadTest@12345,e3c893c5-18ae-474d-86a8-11ef18fe5e3c
jmeter+codex-regression-20260708-03-full-034@electrahub.test,LoadTest@12345,81e30a1d-aa73-4e12-b43e-b1515ebb860a
jmeter+codex-regression-20260708-03-full-035@electrahub.test,LoadTest@12345,39a08aa9-1d80-4714-8abe-512f81deb2bd
jmeter+codex-regression-20260708-03-full-036@electrahub.test,LoadTest@12345,1d1dfa62-f248-442d-8249-7707f569fa49
jmeter+codex-regression-20260708-03-full-037@electrahub.test,LoadTest@12345,5945da03-1d64-4cc1-9e6a-1bed6f02525e
jmeter+codex-regression-20260708-03-full-038@electrahub.test,LoadTest@12345,8c306f80-b707-4a9e-929f-1f8831c1e39b
jmeter+codex-regression-20260708-03-full-039@electrahub.test,LoadTest@12345,fec5258c-cf08-4a71-8f75-a7bb53eb4c1f
jmeter+codex-regression-20260708-03-full-040@electrahub.test,LoadTest@12345,c94876d6-1d82-48ba-ae8c-90785d129c57
jmeter+codex-regression-20260708-03-full-041@electrahub.test,LoadTest@12345,2dcdbc4d-14c3-431c-bc9a-804ebd66a260
jmeter+codex-regression-20260708-03-full-042@electrahub.test,LoadTest@12345,ae2321fb-33cd-42af-8bc6-57431ceb5cfe
jmeter+codex-regression-20260708-03-full-043@electrahub.test,LoadTest@12345,b25626ca-1635-49fe-8d7f-8eb5204f25cf
jmeter+codex-regression-20260708-03-full-044@electrahub.test,LoadTest@12345,557a02ef-1081-4e49-972d-07993335813e
jmeter+codex-regression-20260708-03-full-045@electrahub.test,LoadTest@12345,7cf1a535-ba27-48e8-8f94-508f025e072c
jmeter+codex-regression-20260708-03-full-046@electrahub.test,LoadTest@12345,21ae7204-744b-4a45-9235-ce930176f936
jmeter+codex-regression-20260708-03-full-047@electrahub.test,LoadTest@12345,1cb04e11-9e8f-421b-bd9c-d24ee5efd979
jmeter+codex-regression-20260708-03-full-048@electrahub.test,LoadTest@12345,01a323cc-7265-465e-94f2-b4fe476b1da5
jmeter+codex-regression-20260708-03-full-049@electrahub.test,LoadTest@12345,49de881c-c3c8-4394-8a4c-0b2474593c6a
jmeter+codex-regression-20260708-03-full-050@electrahub.test,LoadTest@12345,6a479421-ef6e-420d-bd9b-6d1f939efdc3
